{
  "الشركة الأمريكية للتأمين على الحياة (متلايف)": {
    "business": "شركة تأمين",
    "name": "أحمر باقر محمد جواد اللواتي",
    "phone": "94212885",
    "email": "ahmed.b.lawati@metlife.com.om"
  },
  "الشركة العمانية المتحدة للتأمين": {
    "business": "شركة تأمين",
    "name": "السيد بلعرب بن يعرب بن قحطان البوسعيدي",
    "phone": "77385497",
    "email": "Balarab.b@omanutd.com"
  },
  "شركة التأمين الإيرانية": {
    "business": "شركة تأمين",
    "name": "سعيد بن عبدالله بن ناصر النظيري",
    "phone": "24568506",
    "email": "said@bimehir.com.om"
  },
  "شركة التأمين العربية السعودية ش.م.ب(م)": {
    "business": "شركة تأمين",
    "name": "شميسه سعيد العبد الحجري",
    "phone": "92410733",
    "email": "salhajri@damana.com"
  },
  "شركة أورينت للتأمين": {
    "business": "شركة تأمين",
    "name": "زهرة سعيد راشد الحبسي",
    "phone": "97483292",
    "email": "Zahra.Alhabsi@alfuttaim.com"
  },
  "تكافل عمان للتأمين": {
    "business": "شركة تأمين",
    "name": "ماجد محمد سعيد العبيداني",
    "phone": "99342524",
    "email": "majidmohammed@takafuloman.om"
  },
  "ليفا للتأمين": {
    "business": "شركة تأمين",
    "name": "عبدالكريم بن فضل كريم البلوشي",
    "phone": "93884566",
    "email": "karim.albalushi@livainsurance.com"
  },
  "شركة التأمين العربية فالكون": {
    "business": "شركة تأمين",
    "name": "عبدالله خميس محمد البلوشي",
    "phone": "91987373",
    "email": "abdullahkm@afic.om"
  },
  "مجموعة الخليج للتأمين (الخليج) ش.م.ب (م)": {
    "business": "شركة تأمين",
    "name": "محمد جواد اللواتي",
    "phone": "95317109",
    "email": "Mohamed.Allawati@gig-gulf.com"
  },
  "العمانية القطرية للتأمين": {
    "business": "شركة تأمين",
    "name": "مكتوم راشد سليمان المكتومي",
    "phone": "99635256",
    "email": "maktoom.almaktoomi@oqic.com"
  },
  "الشركة الهندية الجديدة للتأمين المحدودة": {
    "business": "شركة تأمين",
    "name": "نرجس علي عامر الهديفي",
    "phone": "98111541",
    "email": "nargis@newindiaoman.com"
  },
  "شركة ظفار للتأمين": {
    "business": "شركة تأمين",
    "name": "نصر أحمد عبدالله الصالحى",
    "phone": "99349365",
    "email": "nasar.alsalhi@dhofarinsurance.com"
  },
  "المدينة للتأمين": {
    "business": "شركة تأمين",
    "name": "وفاء سلطان ناصر الريامي",
    "phone": "97930281",
    "email": "wafa.alriyami@almadinatakaful.com"
  },
  "شركة سيغنا الشرق الأوسط للتأمين ش.م.ل": {
    "business": "شركة تأمين",
    "name": "أميرة عبيد عبدالله الحجري",
    "phone": "99240135",
    "email": "amira.alhajri@cigna.com"
  },
  "شركة مسقط للتأمين (ش.م.ع.ع)": {
    "business": "شركة تأمين",
    "name": "سارة بنت محمد بن نبي بخش البلوشي",
    "phone": "96660818",
    "email": "sara.albalushi@muscatinsurance.com"
  },
  "شركة عمان للتأمين (\"سكون للتأمين\")": {
    "business": "شركة تأمين",
    "name": "بدر بن خلفان بن علي العمري",
    "phone": "(+968) 99595139",
    "email": "badar.alamri@sukoon.com"
  },
  "الشركة العمانية لإعادة التأمين": {
    "business": "شركة إعادة تأمين",
    "name": "طلال محمود الحسيني",
    "phone": "95309338",
    "email": "thusaini@omanre.com.om"
  },
  "الافاق لاسواق المال": {
    "business": "سوق رأس المال",
    "name": "ابتهال حمود مبارك الصبحي",
    "phone": "72162442",
    "email": "ebtihal@hcmoman.com"
  },
  "البنك الأهلي": {
    "business": "سوق رأس المال",
    "name": "مريم أكبر البلوشية",
    "phone": "24573637",
    "email": "Maryam.AlBulushi@ahlibank.om"
  },
  "البنك الوطني العماني": {
    "business": "سوق رأس المال",
    "name": "عصام محسن البلوشي",
    "phone": "99866770",
    "email": "Issam.M@nbo.om"
  },
  "الثقة لإدارة صناديق الاستثمار ش.م.م": {
    "business": "سوق رأس المال",
    "name": "مهجة نضال أحمد الرحبية",
    "phone": "72759998",
    "email": "muhja@athiqa.om"
  },
  "الخدمات المالية ش.م.ع.ع": {
    "business": "سوق رأس المال",
    "name": "باسمه بنت حسن بن سليمان البلوشي",
    "phone": "96899419037",
    "email": "basma.albalushi@fscoman.net"
  },
  "الخليجية لحفظ الأوراق المالية": {
    "business": "سوق رأس المال",
    "name": "شذى البلوشي",
    "phone": "24216941",
    "email": "sbalushi@gulfcustody.com"
  },
  "الرؤية كابيتال ش.م.ع.م": {
    "business": "سوق رأس المال",
    "name": "اشوني",
    "phone": "91344866",
    "email": "ashwini.b@investvis.com"
  },
  "الرؤية للأوراق المالية ش.م.م": {
    "business": "سوق رأس المال",
    "name": "جوخة محمد أحمد الإسماعيلي",
    "phone": "92002533",
    "email": "jokha.i@visioncapital.om"
  },
  "الشركة العمانية لإدارة استثمارات البنية الأساسية": {
    "business": "سوق رأس المال",
    "name": "بشر البلوشي",
    "phone": "92099199",
    "email": "Bishr.b@rakizafund.com"
  },
  "العمانية لإدارة إستثمارات البنية الأساسية": {
    "business": "سوق رأس المال",
    "name": "بشر البلوشي",
    "phone": "92099199",
    "email": "Bishr.B@rakizafund.com"
  },
  "العمانية لتنمية الأستثمارات الوطنية ش.م.ع.م": {
    "business": "سوق رأس المال",
    "name": "نور بنت هلال أمبوسعيدي",
    "phone": "71122297",
    "email": "noor@tanmia.om"
  },
  "المتحدة للاوراق المالية ش.م.م": {
    "business": "سوق رأس المال",
    "name": "حسين بن مصطفى بن محسن",
    "phone": "97099709",
    "email": "hussain.m@usoman.com"
  },
  "المجموعة الذكية للتمويل": {
    "business": "سوق رأس المال",
    "name": "مدثر المحامي",
    "phone": "97615745",
    "email": "MUDDASSIRIBUKHRI@GMAIL.COM"
  },
  "المركز المالي ش.م.ع.ع (فينكورب)": {
    "business": "سوق رأس المال",
    "name": "رضا علي اللواتي",
    "phone": "95313153",
    "email": "Redha@fincorp.org"
  },
  "الوديعة للأعمال التجارية": {
    "business": "تمويل جماعي",
    "name": "abdelrahman.elattar@wadiaa.com",
    "phone": "71519071",
    "email": "abdelrahman.elattar@wadiaa.com"
  },
  "الوطنية للادارة والمشاريع": {
    "business": "سوق رأس المال",
    "name": "برافين جوفندرا بهاي مستري",
    "phone": "97090518",
    "email": "pmistry@smefoman.com"
  },
  "اوبار للاستثمارات المالية ش.م.ع.م": {
    "business": "سوق رأس المال",
    "name": "جهينة الرئيسي",
    "phone": "79438398",
    "email": "juhaina@u-capital.net"
  },
  "بنك اتش اس بي سي الشرق الأوسط المحدود - فرع سلطنة عمان": {
    "business": "سوق رأس المال",
    "name": "هيفاء علي صومار الزدجالية",
    "phone": "99112212",
    "email": "haifa.ali.soomar.al.zadjali@hsbc.com"
  },
  "بنك الاستثمار العماني": {
    "business": "سوق رأس المال",
    "name": "زكية الزدجالي",
    "phone": "95256462",
    "email": "Zakiya.AlZadjali@OIB.om"
  },
  "بنك العز الإسلامي ش.م.ع.م": {
    "business": "سوق رأس المال",
    "name": "علي خميس حسين الزدجالي",
    "phone": "97476800",
    "email": "ali.alzadjali@alizzislamic.com"
  },
  "بنك أبوظبي الأول (فرع عمان)": {
    "business": "سوق رأس المال",
    "name": "سمير بن مقبول حسين بن موسى اللواتي",
    "phone": "95196576",
    "email": "SamirMaqbool.AlLawati@bankfab.com"
  },
  "بنك صحار الدولي ش.م.ع.ع": {
    "business": "سوق رأس المال",
    "name": "روان الحارثي",
    "phone": "98422208",
    "email": "rawan.alharthi@soharinternational.com"
  },
  "بنك ظفار ش.م.ع.ع": {
    "business": "سوق رأس المال",
    "name": "فاطمة عبدالله حسن بيت فاضل",
    "phone": "93299889",
    "email": "FFadhil@bankdhofar.com"
  },
  "بنك مسقط ش.م.ع.ع": {
    "business": "سوق رأس المال",
    "name": "اماني وليد الزدجالي",
    "phone": "94210210",
    "email": "AmaniWaleed@bankmuscat.com"
  },
  "بنك نزوى ش.م.ع.ع": {
    "business": "سوق رأس المال",
    "name": "محمد الهاشمي",
    "phone": "99556604",
    "email": "mohammed.alhashmi@banknizwa.om"
  },
  "ثراء العالمية للأعمال": {
    "business": "سوق رأس المال",
    "name": "علياء الطالعي",
    "phone": "92028208",
    "email": "a.altalaii@tharaglobal.com"
  },
  "جبل لإدارة الأصول": {
    "business": "سوق رأس المال",
    "name": "سكينة اللواتي",
    "phone": "92211629",
    "email": "sakina.allawati@jabal.om"
  },
  "روافد للتمويل": {
    "business": "تمويل جماعي",
    "name": "وسام عبدالحليم بيت صنجور",
    "phone": "97363611",
    "email": "Wesam@rawafid.om"
  },
  "ستاندرد تشارترد بنك (فرع عمان)": {
    "business": "سوق رأس المال",
    "name": "ورود أيوب الهطالية",
    "phone": "97382852",
    "email": "woroodayoubali.alhattali@sc.com"
  },
  "سي أف أي المالية": {
    "business": "سوق رأس المال",
    "name": "فؤاد زكي عبدالمجيد عبدالحي المالكي",
    "phone": "96080010",
    "email": "f.malki@cfifinancial.com"
  },
  "شارك للاستثمار": {
    "business": "سوق رأس المال",
    "name": "ساره الجفيلي",
    "phone": "99475762",
    "email": "sara.aljufaili@ntg.om"
  },
  "شركة النطاق الجديد": {
    "business": "سوق رأس المال",
    "name": "عبد العظيم عكود",
    "phone": "99208798",
    "email": "fbcoman@gmail.com"
  },
  "شركة إثبار": {
    "business": "تمويل جماعي",
    "name": "يوسف بن عبدالرحمن بن جمعه الرئيسي",
    "phone": "72003700",
    "email": "Compliance@altkatof.com"
  },
  "شركة إف أي ام بارتنرز مسقط": {
    "business": "سوق رأس المال",
    "name": "أمل يوسف الحضرمي",
    "phone": "91213409",
    "email": "aalhadhrami@fimpartners.com"
  },
  "شركة بيهايف للتكنولوجيا المالية": {
    "business": "تمويل جماعي",
    "name": "ملاك بنت موسى بن سعيد البلوشية",
    "phone": "94994055",
    "email": "malak.albulushi@beehive.om"
  },
  "مأمون للتمويل الجماعي": {
    "business": "تمويل جماعي",
    "name": "عمر المنذري",
    "phone": "91710223",
    "email": "omar@mamun.ai"
  },
  "مجموعة القرم التجارية جيوجيت للأوراق المالية": {
    "business": "سوق رأس المال",
    "name": "انوب شاتوبارامبيل",
    "phone": "92986264",
    "email": "anoop@qbggeojit.com"
  },
  "منصة إثيس الإستثمارية": {
    "business": "تمويل جماعي",
    "name": "عثمان الدويكي",
    "phone": "96920329",
    "email": "othman@ethisx.co"
  }
}